1,Rafaelia,rwardley0@cam.ac.uk,Female
2,Fonzie,fbikker1@businessinsider.com,Male
3,Marcia,mbirrane2@alexa.com,Female
4,Boy,bswindells3@ovh.net,Agender
5,Silvia,smaltman4@istockphoto.com,Female
6,Karlene,knolton5@mysql.com,Non-binary
7,Reinold,roflannery6@jiathis.com,Male
8,Vitoria,vwarbys7@parallels.com,Female
9,Myriam,mclackers8@nhs.uk,Female
10,Otho,oilyinykh9@rediff.com,Male
11,Suzette,sblicka@cnet.com,Female
12,Theresita,tmcleodb@rakuten.co.jp,Female
13,Jonathan,jboustredc@slashdot.org,Male
14,Nathanial,ndenslowd@odnoklassniki.ru,Male
15,Hilliard,hklezmskie@jimdo.com,Male
16,Stefano,savannf@nih.gov,Male
17,Batholomew,bologhleng@over-blog.com,Male
18,Felice,fpaulh@illinois.edu,Female
19,Wenda,wcruttendeni@amazonaws.com,Female
20,Fairleigh,fchatterisj@epa.gov,Male
21,Allis,amaguirek@latimes.com,Female
22,Bondy,bbeardwelll@freewebs.com,Male
23,Henka,hgottschalkm@fc2.com,Female
24,Arty,ajenkn@engadget.com,Male
25,Malvina,mlekeuxo@macromedia.com,Female
26,Leticia,lyurukhinp@berkeley.edu,Female
27,Artemas,aeburneq@soup.io,Male
28,Gibby,gfarbrotherr@hao123.com,Polygender
29,Jerri,jparsissons@free.fr,Male
30,Sidoney,snortheyt@posterous.com,Female
31,Rodolph,rtheussu@gnu.org,Male
32,Horace,hbatesv@w3.org,Male
33,Bil,bgheraldiw@1und1.de,Male
34,Katherine,kdeeslyx@rambler.ru,Female
35,Matthaeus,mmcglaughny@skype.com,Male
36,Lyda,lpristnorz@xrea.com,Female
37,Tristan,tchurchman10@timesonline.co.uk,Agender
38,Shirley,sjenik11@macromedia.com,Female
39,Morten,mferentz12@europa.eu,Male
40,Christin,cfranklyn13@networksolutions.com,Female
41,Montgomery,mphinnessy14@npr.org,Male
42,Patrice,pvanstone15@technorati.com,Female
43,Maryjo,mgarlette16@shop-pro.jp,Female
44,Mandie,mlinguard17@sphinn.com,Female
45,Rachele,rlandre18@livejournal.com,Female
46,Melli,mkealey19@g.co,Female
47,Terra,tbock1a@nba.com,Female
48,Valry,vferbrache1b@disqus.com,Female
49,Brade,bjaqueme1c@google.ca,Male
50,Kliment,kgoudman1d@nature.com,Male
51,Raimund,rlill1e@prnewswire.com,Male
52,Amalle,aklimkin1f@omniture.com,Female
53,Pansie,pblock1g@amazon.co.uk,Female
54,Ellswerth,ebearward1h@va.gov,Non-binary
55,Iona,icrumly1i@newsvine.com,Female
56,Robinson,rcocozza1j@bigcartel.com,Male
57,Dolf,dmanshaw1k@wisc.edu,Male
58,Rolf,rtutt1l@github.com,Male
59,Zebulen,zcaro1m@wikimedia.org,Male
60,Imogene,ishilton1n@toplist.cz,Female
61,Yorgo,yabrahams1o@un.org,Non-binary
62,Codi,cmcmaster1p@nasa.gov,Female
63,Stephanie,sroach1q@marriott.com,Female
64,Andras,ahearnah1r@123-reg.co.uk,Male
65,Vance,vholleran1s@mac.com,Male
66,Bambie,bmapam1t@1und1.de,Female
67,Silva,ssyrad1u@washington.edu,Female
68,Noby,ngatcliff1v@diigo.com,Male
69,Carilyn,cstihl1w@zimbio.com,Female
70,Roland,rdilrew1x@patch.com,Male
71,Delcine,dloncaster1y@alibaba.com,Female
72,Verney,vcurrer1z@webmd.com,Male
73,Ailbert,ajaher20@sakura.ne.jp,Male
74,Maria,mhealings21@privacy.gov.au,Female
75,Yovonnda,ysains22@google.nl,Female
76,Rikki,rlebosse23@umn.edu,Male
77,Ulrike,uhemphill24@berkeley.edu,Female
78,Faythe,fdudlestone25@java.com,Female
79,Vernen,vcastro26@tmall.com,Male
80,Dougy,dcovotti27@shareasale.com,Male
81,Kirsteni,kbachanski28@accuweather.com,Female
82,Doy,dwhales29@flavors.me,Male
83,Cassondra,cdrakes2a@jigsy.com,Female
84,Dolf,divins2b@desdev.cn,Male
85,Aguistin,abenediktsson2c@oakley.com,Male
86,Glenine,gwicher2d@google.de,Non-binary
87,Ivie,idoyle2e@cnn.com,Female
88,Foss,fbagworth2f@nbcnews.com,Male
89,Kelsi,khaggidon2g@trellian.com,Non-binary
90,Judd,jdumingo2h@edublogs.org,Male
91,Elenore,egonnet2i@51.la,Female
92,Mathias,mderrico2j@hao123.com,Agender
93,Tallulah,ttalmadge2k@tinyurl.com,Agender
94,Dena,dbruckmann2l@parallels.com,Female
95,Marinna,mcrimin2m@issuu.com,Female
96,Benny,bheintzsch2n@reuters.com,Male
97,Marleah,mcrowest2o@prweb.com,Female
98,Werner,wwedmore2p@i2i.jp,Male
99,Gran,gwoolway2q@blog.com,Male
100,Diego,dhaithwaite2r@parallels.com,Male
101,Roderich,rtenwick2s@ed.gov,Bigender
102,Mordecai,mdaton2t@cam.ac.uk,Male
103,Page,pgallienne2u@pinterest.com,Male
104,Greggory,gsneesby2v@vistaprint.com,Male
105,Othello,oflecknoe2w@a8.net,Non-binary
106,Price,pclayden2x@thetimes.co.uk,Genderfluid
107,Brinna,bklimecki2y@fda.gov,Female
108,Luca,lmathews2z@hugedomains.com,Male
109,Maurise,mduffill30@rediff.com,Male
110,Amie,adrewet31@cnbc.com,Female
111,Danna,ddraisey32@sohu.com,Female
112,Dionne,ddaldry33@diigo.com,Female
113,Conrado,cmatushevitz34@zimbio.com,Male
114,Tabb,tdriussi35@jugem.jp,Male
115,Danita,dverduin36@usnews.com,Female
116,Isabella,ihourston37@oracle.com,Female
117,Fairleigh,fmossom38@senate.gov,Male
118,Melisse,msergean39@amazon.com,Bigender
119,Shea,smcgeever3a@spotify.com,Female
120,Trumaine,tshurrock3b@mlb.com,Male
121,Fonzie,fenston3c@jigsy.com,Male
122,Arluene,asinclair3d@nifty.com,Female
123,Giselle,gmycock3e@oracle.com,Female
124,Errol,eriden3f@macromedia.com,Male
125,Bev,blamlin3g@comsenz.com,Male
126,Kyrstin,kmuspratt3h@tumblr.com,Female
127,Carolina,cbillingsley3i@washington.edu,Female
128,Blanche,bstuchburie3j@yahoo.co.jp,Female
129,Dorene,dwenn3k@acquirethisname.com,Female
130,Celestine,cyarrell3l@sphinn.com,Female
131,Talyah,tpattullo3m@paginegialle.it,Female
132,Fallon,fberinger3n@plala.or.jp,Female
133,Antonino,ahatto3o@last.fm,Male
134,Leticia,lgillyatt3p@google.de,Female
135,Ciel,cnolin3q@bravesites.com,Female
136,Lory,lperrygo3r@berkeley.edu,Female
137,Germayne,gkobisch3s@army.mil,Agender
138,Shay,ssingleton3t@nationalgeographic.com,Male
139,Garvy,gkmicicki3u@comcast.net,Male
140,Rosemaria,rmcffaden3v@merriam-webster.com,Female
141,Vivyanne,vbartell3w@prlog.org,Female
142,Etty,ecline3x@purevolume.com,Female
143,Everard,eforten3y@nsw.gov.au,Agender
144,Cherianne,cbruggen3z@java.com,Female
145,Arty,alaetham40@nymag.com,Male
146,Nell,ncowle41@vk.com,Female
147,Bondy,bkilcullen42@goodreads.com,Male
148,Torie,taverill43@mediafire.com,Female
149,Hali,hdebernardi44@go.com,Female
150,Norrie,nusherwood45@senate.gov,Male
151,Erie,eeliez46@examiner.com,Male
152,Janel,jbougourd47@omniture.com,Female
153,Toma,tbatho48@adobe.com,Female
154,Neel,nhallewell49@google.co.jp,Male
155,Helsa,hbulle4a@cnn.com,Female
156,Dian,dlauritzen4b@nasa.gov,Female
157,Benita,bletchford4c@linkedin.com,Female
158,Guinevere,gbunker4d@arstechnica.com,Female
159,Lynna,lpadberry4e@icio.us,Female
160,Dominique,ddowsing4f@fda.gov,Female
161,Grethel,gcosstick4g@ted.com,Female
162,Kristi,kgethings4h@blog.com,Female
163,Norbert,nremmers4i@comsenz.com,Male
164,Kelsi,kbris4j@youku.com,Female
165,Gweneth,gguerriero4k@amazon.co.uk,Female
166,Fred,ftwigge4l@samsung.com,Female
167,Clarence,cspivie4m@yolasite.com,Male
168,Svend,scordier4n@slate.com,Male
169,Wilmette,wmcilvenna4o@ibm.com,Female
170,Gasparo,gverney4p@google.ca,Male
171,Tracey,thubber4q@nytimes.com,Female
172,Garrett,ggianettini4r@w3.org,Male
173,Chen,cgrishakin4s@senate.gov,Male
174,Pamela,pboyse4t@pcworld.com,Female
175,Isabel,iherrieven4u@histats.com,Female
176,Ferris,fucceli4v@nsw.gov.au,Male
177,Minni,mblainey4w@wiley.com,Polygender
178,Sheffie,skeller4x@diigo.com,Agender
179,Beauregard,bclouter4y@amazon.co.jp,Male
180,Winnifred,wtussaine4z@istockphoto.com,Female
181,Goddart,gvedntyev50@ucoz.com,Male
182,Serge,speploe51@flavors.me,Male
183,Winston,wleborgne52@bbb.org,Male
184,Dee,dbrealey53@blogtalkradio.com,Female
185,Sebastien,scage54@google.co.jp,Male
186,Vicky,vrippen55@sogou.com,Female
187,Constantine,cweekes56@ed.gov,Female
188,Aeriel,aheamus57@twitter.com,Female
189,Sutherlan,sdawes58@ox.ac.uk,Bigender
190,Corby,cchalliss59@ifeng.com,Male
191,Rozalie,rmildmott5a@telegraph.co.uk,Female
192,Quent,qhenrys5b@drupal.org,Male
193,Kristian,ktomkys5c@patch.com,Male
194,Wilow,wzanioletti5d@yelp.com,Female
195,Antonio,abellows5e@europa.eu,Male
196,Marve,mcoldbreath5f@slate.com,Non-binary
197,Sauveur,savrahm5g@hatena.ne.jp,Male
198,Phylis,pdelayglesia5h@ifeng.com,Female
199,Taryn,tearland5i@amazon.com,Female
200,Omar,olafflin5j@ycombinator.com,Male
201,Benito,bpreshous5k@google.com.au,Male
202,Kimberley,kdealy5l@prnewswire.com,Female
203,Flemming,fpaulin5m@tmall.com,Male
204,Marietta,medgeller5n@weather.com,Female
205,Morris,mfearby5o@ezinearticles.com,Male
206,Alphonso,ajzak5p@ucoz.ru,Male
207,Aeriell,adeglanville5q@about.com,Female
208,Ezri,epagett5r@webnode.com,Male
209,Harper,hmacpherson5s@google.nl,Male
210,June,jwedlock5t@google.nl,Agender
211,Ezmeralda,emizzi5u@accuweather.com,Female
212,Tim,tgiacaponi5v@sitemeter.com,Male
213,Annis,agrendon5w@prnewswire.com,Female
214,Mischa,mrutty5x@rediff.com,Male
215,Noami,nkeppy5y@blogspot.com,Female
216,Fransisco,fchatelet5z@nbcnews.com,Male
217,Penny,pattwoull60@va.gov,Male
218,Filmer,fchisnell61@toplist.cz,Male
219,Jerad,jvasichev62@1und1.de,Male
220,Onfroi,ozecchinii63@newsvine.com,Male
221,Faulkner,fivankin64@homestead.com,Male
222,Millie,mallsworth65@accuweather.com,Female
223,Pooh,pcurle66@uiuc.edu,Female
224,Mario,mwickerson67@statcounter.com,Male
225,Cissiee,cnevill68@craigslist.org,Female
226,Paddy,pfavelle69@ft.com,Male
227,Johanna,jvero6a@redcross.org,Female
228,Alick,aostridge6b@bloglovin.com,Male
229,Vinson,vitskovitz6c@salon.com,Male
230,Alane,acockshut6d@hexun.com,Female
231,Maribel,msilverlock6e@simplemachines.org,Female
232,Kippy,kelwin6f@php.net,Male
233,Thorvald,tjumont6g@ucla.edu,Male
234,Sibylle,strotter6h@patch.com,Female
235,Lon,lmcleary6i@harvard.edu,Male
236,Jeremiah,jannes6j@uiuc.edu,Male
237,Bevvy,bhanhard6k@hud.gov,Female
238,Elena,etreadway6l@youtube.com,Female
239,Regen,rrugieri6m@sohu.com,Male
240,Carry,cmckenny6n@blogs.com,Female
241,Candice,caaron6o@howstuffworks.com,Genderqueer
242,Marsh,mshorter6p@nature.com,Male
243,Floria,feard6q@bbc.co.uk,Female
244,Yoko,yelkins6r@loc.gov,Female
245,Ella,ebillson6s@bloomberg.com,Female
246,Sayers,sedden6t@businessweek.com,Male
247,Donnie,dstokell6u@prlog.org,Female
248,Sondra,sballchin6v@chron.com,Female
249,Ailyn,awoolaston6w@princeton.edu,Genderqueer
250,Fernanda,fbehning6x@nyu.edu,Female
251,Sergeant,sperton6y@stumbleupon.com,Male
252,Burr,bhearthfield6z@dot.gov,Male
253,Karlee,kmuress70@biblegateway.com,Female
254,Jeane,jpizey71@meetup.com,Female
255,Kacie,kjorez72@usnews.com,Polygender
256,Keenan,kavison73@ovh.net,Male
257,Hodge,hpursglove74@archive.org,Male
258,Zsazsa,zvidean75@weather.com,Female
259,Joyous,jmcterlagh76@cyberchimps.com,Female
260,Elke,espringtorp77@smh.com.au,Agender
261,Cori,cpetz78@domainmarket.com,Female
262,Meris,mshilston79@linkedin.com,Female
263,Renato,rdunphie7a@examiner.com,Male
264,Carl,claxson7b@blogger.com,Male
265,Damita,dpammenter7c@behance.net,Female
266,Oswald,oaccombe7d@answers.com,Male
267,Ainslee,aolliffe7e@apple.com,Female
268,Marietta,mkemitt7f@blogtalkradio.com,Female
269,Adolphus,atapsfield7g@imdb.com,Male
270,Loleta,lbarkas7h@irs.gov,Female
271,Luis,lmacgovern7i@mail.ru,Male
272,Bondie,bdowzell7j@google.com.br,Male
273,Sharline,sboorman7k@storify.com,Female
274,Berny,bpedrocchi7l@alexa.com,Female
275,Bancroft,bpickance7m@freewebs.com,Male
276,Betta,bmatovic7n@prlog.org,Female
277,Roshelle,rhuddart7o@yale.edu,Female
278,Care,cbowry7p@1688.com,Male
279,Melamie,mcoetzee7q@fda.gov,Female
280,Aida,alate7r@apple.com,Female
281,Sauncho,scoster7s@networksolutions.com,Male
282,Cole,csaxton7t@unesco.org,Male
283,Craggie,cwoltman7u@dmoz.org,Male
284,Alysia,akittman7v@joomla.org,Genderqueer
285,Molli,msecker7w@sakura.ne.jp,Female
286,Brantley,bhaslocke7x@unesco.org,Male
287,Kizzee,kfaich7y@reuters.com,Bigender
288,Sioux,sragg7z@howstuffworks.com,Female
289,Titus,tdupre80@pbs.org,Male
290,Jania,jlorente81@wikipedia.org,Female
291,Lexi,ldesvignes82@photobucket.com,Female
292,Halsy,hrichfield83@chron.com,Male
293,Leshia,lchalcroft84@sourceforge.net,Female
294,Hilary,hpietrzak85@google.co.uk,Female
295,Der,dnorthbridge86@tamu.edu,Genderfluid
296,Vinnie,vdurand87@berkeley.edu,Male
297,Elbertine,emcgilvra88@so-net.ne.jp,Female
298,Jefferson,jcant89@odnoklassniki.ru,Male
299,Joby,jridpath8a@chicagotribune.com,Female
300,Laurens,lemer8b@seattletimes.com,Male
301,Zelig,zwrettum8c@sogou.com,Genderqueer
302,Angeli,acrumbie8d@google.es,Male
303,Mathian,mcaldera8e@canalblog.com,Male
304,Corie,cstanyer8f@furl.net,Female
305,Erich,etregunna8g@mit.edu,Male
306,Effie,egalton8h@prweb.com,Female
307,Ronald,rlaffan8i@vkontakte.ru,Male
308,Gilburt,gsherry8j@arizona.edu,Male
309,Joann,jmahaddie8k@flavors.me,Polygender
310,Jarib,jpagram8l@moonfruit.com,Male
311,Pooh,pcrebo8m@com.com,Male
312,Nydia,nnehlsen8n@sbwire.com,Female
313,Carole,csimner8o@gmpg.org,Female
314,Tabatha,tdurram8p@amazon.co.jp,Female
315,Alvan,agotfrey8q@ovh.net,Male
316,Sybille,swhiterod8r@desdev.cn,Female
317,Any,avernon8s@dion.ne.jp,Male
318,Curtice,cburfoot8t@slate.com,Male
319,Franchot,fpollendine8u@blinklist.com,Male
320,Redd,rbantock8v@tinyurl.com,Male
321,Tan,tdome8w@ustream.tv,Male
322,Nilson,ntesdale8x@pen.io,Male
323,Astra,amourbey8y@imageshack.us,Female
324,Lois,lpawson8z@privacy.gov.au,Female
325,Allyn,amelpuss90@accuweather.com,Male
326,Isidor,ikivell91@dailymail.co.uk,Male
327,Micaela,mraithmill92@lulu.com,Female
328,Roanna,rshoute93@newsvine.com,Female
329,Norrie,nhuton94@privacy.gov.au,Agender
330,Mic,mhaistwell95@elpais.com,Polygender
331,Graeme,gheelis96@rediff.com,Male
332,Jade,jhurtado97@nifty.com,Female
333,Reube,rsimondson98@google.ca,Male
334,Iormina,iclaughton99@columbia.edu,Female
335,Willie,wfarahar9a@statcounter.com,Male
336,Ruy,rfaas9b@smugmug.com,Male
337,Carolynn,cexton9c@wikia.com,Female
338,Chevalier,cshillabear9d@princeton.edu,Male
339,Horace,hripley9e@purevolume.com,Male
340,Warde,wfysh9f@apple.com,Male
341,Alanah,amunroe9g@google.ru,Female
342,Howie,hfrearson9h@etsy.com,Male
343,Rayshell,rsommerfeld9i@elegantthemes.com,Female
344,Harlie,hferreres9j@scientificamerican.com,Female
345,Jacquelyn,jwytchard9k@sina.com.cn,Female
346,Elmore,ebee9l@nyu.edu,Male
347,Merna,msterricks9m@mashable.com,Polygender
348,Nelie,neasby9n@vinaora.com,Female
349,Erny,eweins9o@cornell.edu,Male
350,Cointon,ckightly9p@omniture.com,Male
351,Susana,sgaish9q@sohu.com,Female
352,Malcolm,mwehner9r@gizmodo.com,Male
353,Sayers,skinkade9s@nhs.uk,Male
354,Dana,donions9t@digg.com,Male
355,Josefa,jlarwell9u@blogger.com,Female
356,Anatola,asiddons9v@mapy.cz,Non-binary
357,Verge,vscutt9w@myspace.com,Male
358,Garry,gslisby9x@t-online.de,Male
359,Brendon,bdevereux9y@cargocollective.com,Male
360,Efren,eciementini9z@usgs.gov,Male
361,Nolan,nwiggingtona0@youtu.be,Male
362,Myrtia,mmatteaccia1@scientificamerican.com,Female
363,Baird,bbalchina2@ca.gov,Male
364,Morgan,mcasillisa3@usatoday.com,Male
365,Geri,gkubelkaa4@vistaprint.com,Polygender
366,Jamie,jrussela5@uiuc.edu,Male
367,Lida,lvarfalameeva6@facebook.com,Female
368,Alejandrina,acapsticka7@cnn.com,Female
369,Reena,raleavya8@jiathis.com,Female
370,Cori,cbrecknella9@upenn.edu,Male
371,Merralee,mmullyaa@twitpic.com,Genderfluid
372,Aurthur,ajolyab@storify.com,Male
373,Boonie,brodwellac@whitehouse.gov,Male
374,Ebeneser,emixhelad@va.gov,Male
375,Travus,trebbeckae@de.vu,Male
376,Bax,bhaskewaf@joomla.org,Male
377,Mortie,mfakeag@rakuten.co.jp,Male
378,Reider,rgyeah@google.es,Male
379,Alphard,akrollmanai@skyrock.com,Male
380,Chancey,chuntaj@japanpost.jp,Male
381,Dion,dcleverleyak@ezinearticles.com,Female
382,Boigie,babateal@flavors.me,Male
383,Thacher,tburnhamam@lulu.com,Male
384,Barry,bshitliffean@hubpages.com,Male
385,Clarie,clannonao@ihg.com,Female
386,Elisabetta,eeverittap@ted.com,Female
387,Juan,jbaitsonaq@shutterfly.com,Male
388,Sephira,stallowar@addtoany.com,Female
389,Lizzie,larnefieldas@tinyurl.com,Female
390,Frans,fbrandacciat@unesco.org,Male
391,Tillie,tmacqueenau@indiatimes.com,Female
392,Edin,edalwoodav@hao123.com,Female
393,Hersch,higgaldenaw@plala.or.jp,Male
394,Dniren,dgaskenax@ftc.gov,Female
395,Sinclare,ssteaningay@drupal.org,Male
396,Parnell,ptrengoveaz@cloudflare.com,Male
397,Essa,ecowieb0@toplist.cz,Female
398,Dee,dguinaneb1@yellowpages.com,Female
399,Reggi,relderb2@pagesperso-orange.fr,Female
400,Freemon,fkennawayb3@timesonline.co.uk,Male
401,Alano,adriverb4@apache.org,Male
402,Deloris,dzanettinib5@rediff.com,Female
403,Yancy,ypaceyb6@independent.co.uk,Male
404,Jobi,jpagonb7@netlog.com,Female
405,Yvon,ypeaseeb8@bandcamp.com,Male
406,Daveen,dcristoferib9@devhub.com,Female
407,Hercule,handrivotba@addtoany.com,Male
408,Emelina,eduffiebb@zdnet.com,Female
409,Kerri,klauthianbc@yellowbook.com,Non-binary
410,Angela,amittonbd@biblegateway.com,Female
411,Christy,cdykasbe@dropbox.com,Male
412,Bertrand,btrappebf@unesco.org,Male
413,Darda,dbellefontebg@microsoft.com,Female
414,Candide,cmacsweeneybh@joomla.org,Female
415,George,gahrenbi@list-manage.com,Male
416,Otis,olyndbj@vimeo.com,Male
417,Hettie,hmcgarelbk@360.cn,Female
418,Annabel,anovotnebl@twitter.com,Genderfluid
419,Sigfrid,sharkinsbm@nymag.com,Male
420,Garvin,gridesbn@amazon.com,Male
421,Ebeneser,emonteauxbo@reverbnation.com,Male
422,Farly,fbressonbp@chicagotribune.com,Male
423,Valida,vnowellbq@reference.com,Female
424,Gerrie,gbonebr@furl.net,Male
425,Ashia,awoodroofbs@youku.com,Female
426,Mirilla,mhalwoodbt@istockphoto.com,Female
427,Mario,mwinstanleybu@exblog.jp,Male
428,Berny,bgallallybv@ask.com,Female
429,Johnath,jgirauxbw@wsj.com,Female
430,Zorana,zmccaghanbx@arstechnica.com,Female
431,Ezequiel,efreeborneby@yahoo.com,Male
432,Maybelle,mquarriebz@wired.com,Female
433,Michell,mtantumc0@google.co.uk,Female
434,Clio,cbudgec1@4shared.com,Female
435,Ave,abewshirec2@w3.org,Male
436,Alexis,adepkec3@msu.edu,Male
437,Sapphira,stunnowc4@blinklist.com,Genderqueer
438,Lilly,llillicropc5@technorati.com,Female
439,Amaleta,aleguayc6@ezinearticles.com,Female
440,Ralina,rbeamentc7@wix.com,Female
441,Bertram,bboycec8@scribd.com,Male
442,Elnora,epoundc9@omniture.com,Female
443,Warner,wspurriorca@livejournal.com,Male
444,Gianni,ggerguscb@nature.com,Male
445,Lorilyn,lfehnerscc@google.cn,Female
446,Skippie,shaliburncd@uol.com.br,Male
447,Clara,clowresce@addthis.com,Bigender
448,Dahlia,dsmurfittcf@reverbnation.com,Female
449,Prince,phalycg@bluehost.com,Male
450,Osborn,oraynech@gravatar.com,Male
451,Paul,pbraitlingci@com.com,Male
452,Alayne,arooncj@cyberchimps.com,Female
453,Brynne,bgrattonck@example.com,Female
454,Arni,afirpicl@upenn.edu,Male
455,Wilek,wmcshiriecm@jimdo.com,Male
456,Ezra,ecoileycn@dailymotion.com,Male
457,Bernie,bdimmickco@devhub.com,Polygender
458,Maren,mgiovannillicp@pen.io,Genderqueer
459,Claudetta,cheadlandcq@digg.com,Polygender
460,Kirsteni,kbendixcr@wisc.edu,Female
461,Consalve,cworcscs@mac.com,Polygender
462,Natividad,nhowerdct@github.com,Female
463,Germaine,gdeeprosecu@uol.com.br,Female
464,Gamaliel,glamsheadcv@multiply.com,Male
465,Dorri,dbrentcw@elegantthemes.com,Female
466,Esdras,ebartlomiejczykcx@qq.com,Male
467,Jareb,jkensetcy@pagesperso-orange.fr,Male
468,Stephenie,sfengecz@java.com,Female
469,Mechelle,mpickind0@surveymonkey.com,Female
470,Brandon,btanslied1@gov.uk,Male
471,Ferdy,fstilemand2@va.gov,Male
472,Eran,ebertld3@wordpress.org,Female
473,Ruthie,roransd4@umich.edu,Bigender
474,Mayor,mmathisd5@aboutads.info,Male
475,Whittaker,walishonerd6@bizjournals.com,Male
476,Phillipe,pbeekmannd7@yandex.ru,Male
477,Lindsay,lwardaled8@live.com,Male
478,Rhianna,rmcculloughd9@mit.edu,Female
479,Mathilde,mbelitzda@homestead.com,Genderfluid
480,Jamison,jhayfielddb@nbcnews.com,Male
481,Carroll,caveriesdc@chronoengine.com,Male
482,Quintus,qcuminedd@ox.ac.uk,Male
483,Dacey,dcarleyde@statcounter.com,Female
484,Shanie,spaulotdf@photobucket.com,Female
485,Bradan,bbideweldg@paypal.com,Male
486,Corliss,csecretdh@yahoo.com,Female
487,Dulce,dvanhovedi@goodreads.com,Female
488,Inglis,ihambeltondj@ning.com,Male
489,Virginie,vkirknessdk@ebay.co.uk,Female
490,Corbett,cbottermandl@yandex.ru,Genderfluid
491,Jaimie,jdymockdm@wp.com,Male
492,Stoddard,sbrodestdn@vistaprint.com,Female
493,Flem,fgilletdo@cbc.ca,Male
494,Sharyl,shexhamdp@privacy.gov.au,Female
495,Barby,bparsonagedq@istockphoto.com,Female
496,Nilson,nfarrierdr@joomla.org,Male
497,Mechelle,mheaneyds@cbc.ca,Female
498,Sergei,sspendleydt@mtv.com,Male
499,Manuel,mmalkiedu@ehow.com,Male
500,Loutitia,lwebleydv@usda.gov,Female
501,Aleksandr,ashorterdw@mozilla.com,Male
502,Wake,wlarcherdx@ucoz.ru,Male
503,Roanne,reslingerdy@ebay.co.uk,Female
504,Lancelot,lgelderdz@umich.edu,Bigender
505,Debi,dheinishe0@behance.net,Female
506,Madalena,modoghestye1@mtv.com,Agender
507,Tansy,tgloye2@ezinearticles.com,Female
508,Lurette,lcappse3@wikimedia.org,Female
509,Georg,gthorleye4@printfriendly.com,Male
510,Mareah,mmoubraye5@hc360.com,Female
511,Marian,mipgravee6@joomla.org,Female
512,Cyrillus,caschee7@blog.com,Male
513,William,whaselwoode8@nytimes.com,Male
514,Giorgi,gyegorchenkove9@quantcast.com,Male
515,Bartlett,bdooherea@ihg.com,Male
516,Sigismundo,scowupeb@hc360.com,Bigender
517,Thomasa,tlotzeec@over-blog.com,Female
518,Cordie,chehnkeed@youtu.be,Male
519,Tyne,tewdaleee@pbs.org,Female
520,Ottilie,osterrickeref@nifty.com,Female
521,Skipper,scroiziereg@issuu.com,Male
522,Ellissa,efennickeh@wufoo.com,Female
523,Dorie,dbendonei@aol.com,Male
524,Lesly,lmcgroryej@acquirethisname.com,Female
525,Bailie,bsteptoek@goodreads.com,Male
526,Wally,wnairnel@t.co,Female
527,Elston,egundersonem@home.pl,Male
528,Sybila,snazairen@xing.com,Female
529,Ana,aledekkereo@nps.gov,Female
530,Price,pvasyaginep@studiopress.com,Polygender
531,Eloise,echerryeq@about.com,Female
532,Lucy,lmathouer@artisteer.com,Female
533,Launce,ldugalles@exblog.jp,Male
534,Glenn,gblayet@china.com.cn,Female
535,Adair,amallinareu@ucoz.com,Male
536,Meade,mcourtliffev@privacy.gov.au,Male
537,Oralia,ocastelloew@ifeng.com,Polygender
538,Griff,gtrembeyex@furl.net,Male
539,Gilly,ggoodyerey@goo.ne.jp,Female
540,Torre,trooteez@yelp.com,Male
541,Lina,lyurukhinf0@psu.edu,Female
542,Pascal,pdenisyukf1@nsw.gov.au,Male
543,Drusy,dcaseyf2@nasa.gov,Genderqueer
544,Robby,rapplefordf3@newsvine.com,Male
545,Rebekkah,rdolesf4@devhub.com,Female
546,Farleigh,fhallawellf5@va.gov,Male
547,Debbi,dolivaf6@ucoz.ru,Female
548,Horatius,hlaitf7@npr.org,Male
549,Marrissa,mnorledgef8@usa.gov,Female
550,Lemmie,lhollymanf9@360.cn,Male
551,Annabelle,afitchettfa@wordpress.com,Female
552,Conni,cbrellinfb@webs.com,Female
553,Kendal,kverrallfc@cargocollective.com,Male
554,Arlina,apietrzykfd@wikia.com,Female
555,Waiter,wblaszczakfe@un.org,Male
556,Alvie,aitchinghamff@army.mil,Bigender
557,Torey,tpescodfg@cam.ac.uk,Male
558,Berti,bscrivnerfh@qq.com,Male
559,Maud,mhrycekfi@slate.com,Genderfluid
560,Kriste,kwardingleyfj@ebay.co.uk,Female
561,Mark,mmishowfk@ibm.com,Male
562,Kattie,khudspithfl@bandcamp.com,Female
563,Christy,cdumingofm@un.org,Male
564,Katuscha,kotteefn@wikipedia.org,Female
565,Erhart,esneezemfo@tamu.edu,Male
566,Emilia,ebrownseyfp@shareasale.com,Female
567,Brenn,bklarzynskifq@opensource.org,Female
568,Dalton,dashingtonfr@csmonitor.com,Male
569,Corrie,czannellifs@mozilla.org,Female
570,Teena,tisworthft@java.com,Female
571,Dom,dbradneckfu@gnu.org,Male
572,Robers,rhickfordfv@naver.com,Non-binary
573,Jordain,jciraldofw@macromedia.com,Non-binary
574,Noreen,ndanieloufx@mozilla.com,Female
575,Micky,mwelfarefy@arstechnica.com,Female
576,Rudolfo,rmarginsonfz@craigslist.org,Male
577,Johann,jwoolacottg0@xing.com,Male
578,Luciana,lhubballg1@blogger.com,Female
579,Lorianne,lrayworthg2@xrea.com,Female
580,Leora,lcavolinig3@wix.com,Female
581,Beverly,blemonnierg4@list-manage.com,Female
582,Angela,ablenkirong5@chron.com,Female
583,Ricard,rorpyneg6@ebay.co.uk,Male
584,Coletta,cdoorlyg7@mozilla.com,Female
585,Adel,aklimontovichg8@quantcast.com,Agender
586,Kale,kmcgeeg9@hhs.gov,Male
587,Javier,jbenoeyga@go.com,Male
588,Marsha,mwhitwoodgb@jiathis.com,Polygender
589,Waverly,wvasenkovgc@columbia.edu,Male
590,Carin,cgrundergd@bloglines.com,Female
591,Irvin,ipaulingge@tripadvisor.com,Male
592,Kimberly,klemasneygf@clickbank.net,Female
593,Allissa,aharriotgg@reverbnation.com,Female
594,Graehme,ggreddengh@chronoengine.com,Male
595,Mina,mjeavongi@addthis.com,Female
596,Davis,dwandrichgj@msn.com,Male
597,Percy,pthrossellgk@macromedia.com,Male
598,Andi,acaldowgl@cbc.ca,Female
599,Will,wmeneelygm@skyrock.com,Male
600,Jenn,joliphandgn@icio.us,Female
601,Caresse,clashamgo@cafepress.com,Female
602,Louis,lsemeniukgp@imdb.com,Male
603,Rhodia,rheimesgq@arstechnica.com,Female
604,Norrie,nmeganygr@eventbrite.com,Female
605,Ingemar,igurgegs@moonfruit.com,Male
606,Nikki,npopplestongt@irs.gov,Female
607,Gilly,ggoodyeargu@youtu.be,Female
608,Tasia,tpirazzigv@constantcontact.com,Female
609,Celinka,cprucegw@soup.io,Female
610,Zebedee,zcaesmansgx@edublogs.org,Male
611,Dollie,dalywengy@dmoz.org,Female
612,Atlanta,awatlinggz@clickbank.net,Female
613,Artur,aibanh0@sina.com.cn,Male
614,Kathryne,kdwyerh1@tiny.cc,Female
615,Brantley,bskarrh2@globo.com,Male
616,Say,sbottomleyh3@posterous.com,Male
617,Alexis,ahucketth4@printfriendly.com,Male
618,Gerrie,gchastandh5@deliciousdays.com,Female
619,Anallese,ascrowtonh6@photobucket.com,Female
620,Gert,gayliffh7@fda.gov,Female
621,Titus,tmilbyh8@ft.com,Male
622,Merralee,mbentickh9@illinois.edu,Female
623,Opal,opetleyha@homestead.com,Female
624,Fedora,fgawkehb@patch.com,Agender
625,Nata,nsulterhc@a8.net,Female
626,Roarke,rbraunshd@dion.ne.jp,Male
627,Giavani,gkennewellhe@bizjournals.com,Male
628,Minny,mscneiderhf@shop-pro.jp,Female
629,Jasmin,jsmeadhg@weibo.com,Bigender
630,Othelia,oworkeshh@angelfire.com,Female
631,Brig,brohlfinghi@ehow.com,Male
632,Glyn,gcabblehj@pinterest.com,Male
633,Amabel,agerrardhk@trellian.com,Female
634,Myrilla,mbarkawayhl@bigcartel.com,Polygender
635,Uri,urentzhm@fc2.com,Agender
636,Tome,tlabbezhn@abc.net.au,Male
637,Hali,hdillintoneho@bing.com,Genderfluid
638,Creighton,caslumhp@homestead.com,Male
639,Janis,jmccardlehq@yolasite.com,Female
640,Benson,boaghr@netscape.com,Male
641,Glyn,gsandelshs@dyndns.org,Female
642,Boyce,bicetonht@studiopress.com,Male
643,Olag,oscrannagehu@nymag.com,Male
644,Cris,cpiquardhv@is.gd,Female
645,Emmy,efrankishw@msn.com,Male
646,Stormi,stoffalohx@de.vu,Female
647,Yank,ywharfhy@epa.gov,Male
648,Jorey,jscarlanhz@wiley.com,Female
649,Vinson,vevreuxi0@dropbox.com,Male
650,Heda,hmaylingi1@livejournal.com,Female
651,Nessi,nghenti2@yahoo.com,Female
652,Lenci,lkuzmai3@studiopress.com,Male
653,Wyatt,wducareli4@dmoz.org,Male
654,Creighton,cbattesoni5@indiatimes.com,Male
655,Garwin,gshemmansi6@timesonline.co.uk,Non-binary
656,Mahmoud,mshemmingi7@theguardian.com,Male
657,Carlin,cciccarelloi8@zimbio.com,Female
658,Lorrie,ldonaldi9@istockphoto.com,Male
659,Tiffanie,tchanningia@sun.com,Female
660,Ozzie,oraisbeckib@theglobeandmail.com,Male
661,Giovanni,gbasketfieldic@arizona.edu,Male
662,Sandor,spatleyid@ebay.co.uk,Male
663,Loren,lglanertie@xing.com,Male
664,Cort,cavoryif@harvard.edu,Male
665,Trstram,tantoinetig@people.com.cn,Male
666,Genni,grevelih@utexas.edu,Female
667,Emylee,efrangletonii@last.fm,Female
668,Kiel,khaighij@berkeley.edu,Male
669,Anna,asorrelik@baidu.com,Polygender
670,Cirstoforo,ctitheril@histats.com,Male
671,Suzy,spellingarim@uol.com.br,Female
672,Yorker,ydohertyin@oakley.com,Male
673,Appolonia,aspauleio@aboutads.info,Female
674,Sherlocke,sbrooktonip@japanpost.jp,Male
675,Rochette,rwickardtiq@oakley.com,Female
676,Cleo,cneathir@patch.com,Female
677,Henriette,hwavishis@telegraph.co.uk,Female
678,Tasia,tpfeiferit@rambler.ru,Female
679,Caitlin,cmccurlyeiu@zimbio.com,Female
680,Indira,ibrillemaniv@zdnet.com,Female
681,Jameson,jcopingiw@cocolog-nifty.com,Male
682,Licha,lmarjoribanksix@harvard.edu,Agender
683,Leslie,lpoxoniy@economist.com,Male
684,Teddie,tverniz@sourceforge.net,Female
685,Silvan,sramblej0@123-reg.co.uk,Male
686,Jennilee,jgalegoj1@ftc.gov,Female
687,Lilllie,lscreatonj2@cam.ac.uk,Female
688,Geoffrey,gcustyj3@google.com.au,Male
689,Robinet,rburgisej4@imgur.com,Female
690,Marquita,measterbyj5@amazonaws.com,Female
691,Renell,rdonawayj6@yolasite.com,Female
692,Madge,mkisarj7@si.edu,Agender
693,Winni,wpirdyj8@guardian.co.uk,Female
694,Catrina,callsoj9@yelp.com,Female
695,Inigo,istoakleyja@g.co,Male
696,Reynolds,rperottjb@smh.com.au,Male
697,Marwin,mjerroldjc@topsy.com,Male
698,Chelsea,cbolgarjd@pbs.org,Female
699,Kristan,kwelburnje@cpanel.net,Female
700,Meredith,mwoolnoughjf@amazon.co.uk,Female
701,Ignace,imacdermandjg@imdb.com,Male
702,Yettie,ycantlejh@surveymonkey.com,Female
703,Mikel,mespinhaji@seattletimes.com,Male
704,Norry,nbilbrookejj@youtube.com,Female
705,Gay,gleblancjk@posterous.com,Female
706,Elaina,ekubasiewiczjl@sakura.ne.jp,Female
707,Felipa,fjarradjm@illinois.edu,Female
708,Ogdon,oblorejn@forbes.com,Male
709,Elbertina,earnijo@123-reg.co.uk,Female
710,Carley,craoultjp@discovery.com,Female
711,Bondy,bdimaggiojq@wp.com,Male
712,Pearl,pwilsherjr@craigslist.org,Female
713,Raoul,rgriptonjs@timesonline.co.uk,Male
714,Lou,lkeganjt@seattletimes.com,Male
715,Markus,mpinwillju@chicagotribune.com,Male
716,Estele,eburkerjv@shinystat.com,Female
717,Grayce,gdunguyjw@amazon.com,Female
718,Webb,wtukejx@nature.com,Male
719,Verney,vladloejy@dot.gov,Male
720,Heriberto,hcartmalejz@acquirethisname.com,Male
721,Tova,tconlonk0@g.co,Female
722,Chaunce,cgorstk1@google.com.br,Male
723,Isidora,isailsk2@noaa.gov,Polygender
724,Ashlee,asmallthwaitek3@reverbnation.com,Female
725,Selby,sungerk4@sfgate.com,Male
726,Durward,dskulletk5@yale.edu,Genderfluid
727,Randi,rramsdellk6@i2i.jp,Male
728,Opalina,ododlek7@jigsy.com,Female
729,Joellyn,jbarczewskik8@technorati.com,Polygender
730,Nathan,nlangstaffk9@t-online.de,Male
731,Amalea,ainfantinoka@thetimes.co.uk,Female
732,Waneta,wdennickkb@tuttocitta.it,Female
733,Elaina,eloomiskc@hexun.com,Female
734,Burk,btrevershkd@hubpages.com,Male
735,Sigismundo,sfrowingke@topsy.com,Male
736,Tully,tchippindalekf@biblegateway.com,Male
737,Kristina,kfinnerankg@aol.com,Polygender
738,Dun,dvertykh@apple.com,Male
739,Tommy,thunstoneki@sbwire.com,Male
740,Neal,nstimsonkj@chicagotribune.com,Male
741,Stan,skobelkk@fastcompany.com,Male
742,Knox,kmynettkl@tiny.cc,Male
743,Elliot,emorlandkm@freewebs.com,Male
744,Hatty,hcattermolekn@nationalgeographic.com,Female
745,Linn,lfickko@1und1.de,Male
746,Konrad,klamacraftkp@google.it,Male
747,Zonda,zcakebreadkq@techcrunch.com,Female
748,Ricoriki,rfeachamkr@indiatimes.com,Male
749,Tonnie,tflowerks@newsvine.com,Male
750,Euell,eelsmerekt@issuu.com,Male
751,Ninetta,nhintzerku@blogger.com,Female
752,Irv,iwaleskv@topsy.com,Male
753,Mallorie,mclinningkw@shutterfly.com,Female
754,Skipper,snarykx@163.com,Male
755,Judon,jmckyrrellyky@salon.com,Male
756,Donna,djellicokz@skyrock.com,Female
757,Malynda,mklossmannl0@youtube.com,Female
758,Winne,wcranfieldl1@statcounter.com,Female
759,Ario,apescodl2@scientificamerican.com,Male
760,Kipp,kmohammadl3@t.co,Male
761,Esteban,ecarletonl4@wix.com,Male
762,Karoly,kmartignonl5@blogtalkradio.com,Male
763,Palmer,pkirmondl6@4shared.com,Polygender
764,Lyndy,lricksl7@ehow.com,Female
765,Angel,avernalll8@nps.gov,Male
766,Olva,omcvitiel9@wiley.com,Bigender
767,Sholom,sbarela@wikia.com,Male
768,Harlan,hhalegarthlb@usda.gov,Male
769,Beatrice,bjouannylc@businessinsider.com,Female
770,Devonna,dmomeryld@lycos.com,Female
771,Corabella,ccoglele@intel.com,Female
772,Paulie,pgenerylf@google.ru,Male
773,Fawnia,faindraislg@accuweather.com,Female
774,Glenda,gfiddlerlh@dropbox.com,Female
775,Indira,imarcomeli@e-recht24.de,Female
776,Arni,alightwinglj@netscape.com,Male
777,Carola,cyeardsleylk@java.com,Female
778,Keriann,kmorebyll@twitpic.com,Female
779,Si,smorinlm@discovery.com,Agender
780,Marieann,mauselloln@google.es,Female
781,Lee,ldarcylo@dmoz.org,Male
782,Care,cdockreaylp@washingtonpost.com,Male
783,Kinsley,kbailslq@vistaprint.com,Male
784,Ferdinande,fflaonierlr@goodreads.com,Female
785,Zarla,zshimonls@moonfruit.com,Female
786,Chloris,ctumbeltylt@skype.com,Genderfluid
787,Zebulon,zlondesboroughlu@de.vu,Male
788,Myer,marraultlv@reference.com,Male
789,Elyssa,ebilsborrowlw@ovh.net,Female
790,Julia,jpatiselx@geocities.jp,Female
791,Whitby,wbachly@indiegogo.com,Male
792,Genia,gilievelz@npr.org,Female
793,Calvin,cjoyntm0@sogou.com,Male
794,Reinhard,rfoleym1@unicef.org,Male
795,Ashien,astrainm2@sun.com,Female
796,Aylmar,acroptonm3@chicagotribune.com,Male
797,Laureen,ljewsonm4@baidu.com,Female
798,Colin,craeburnm5@tripod.com,Male
799,Kali,kmcclarenm6@amazonaws.com,Female
800,Casar,cgheerhaertm7@mapquest.com,Male
801,Kent,khowleym8@shareasale.com,Male
802,Brew,bevansonm9@toplist.cz,Male
803,Udall,udallyma@t.co,Male
804,Carlin,cchillingworthmb@yellowpages.com,Female
805,Homerus,hwylliemc@wikimedia.org,Male
806,Jeth,jbarklymd@dropbox.com,Male
807,Hershel,hduthieme@wikispaces.com,Male
808,Diego,dlowremf@ucsd.edu,Male
809,Eugen,eofeenymg@studiopress.com,Male
810,Sapphire,scantwellmh@shinystat.com,Non-binary
811,Loy,ldobblemi@smugmug.com,Male
812,Kimmy,kmccaugheymj@shinystat.com,Female
813,Dalt,dhawkeymk@google.com,Male
814,Claiborn,cwillmontml@lulu.com,Male
815,Sabine,sassonmm@wikia.com,Female
816,Allsun,afilsonmn@hugedomains.com,Female
817,Pooh,pcorraganmo@fema.gov,Female
818,Kaile,kosipenkomp@fc2.com,Female
819,Standford,schampnissmq@zimbio.com,Male
820,Hildy,hcogdellmr@indiegogo.com,Female
821,Gregorio,gtuckerms@google.com.au,Male
822,Adriaens,apaffotmt@angelfire.com,Female
823,Pierce,pcroalmu@stumbleupon.com,Male
824,Mandi,mocallaghanmv@cyberchimps.com,Female
825,Hieronymus,hkuhnhardtmw@live.com,Male
826,Katerina,kelstonmx@sciencedirect.com,Female
827,Doy,ddurnallmy@vimeo.com,Male
828,Shermy,skellarmz@cyberchimps.com,Non-binary
829,Egbert,edansonn0@amazon.co.uk,Male
830,Harriette,htansilln1@npr.org,Female
831,Bili,bkerryn2@aboutads.info,Female
832,Keriann,kdumpletonn3@friendfeed.com,Female
833,Bo,bffoulkesn4@rambler.ru,Male
834,Francklyn,fbonifacion5@wunderground.com,Male
835,Parke,pninnolin6@ycombinator.com,Genderqueer
836,Vivyan,vmenicombn7@yahoo.co.jp,Female
837,Bastian,bbythelln8@usda.gov,Male
838,Bernardo,blugardn9@msu.edu,Male
839,Sumner,sklavesna@simplemachines.org,Male
840,Ransom,rramalhetenb@nsw.gov.au,Genderqueer
841,Karine,kohoeync@hp.com,Female
842,Shirline,skillbeynd@chronoengine.com,Female
843,Gilemette,gtodhunterne@paginegialle.it,Genderqueer
844,Torie,tzaplenf@nyu.edu,Female
845,Melody,myerrallng@buzzfeed.com,Non-binary
846,Windy,wduffynh@weebly.com,Agender
847,Laure,ldegoeyni@furl.net,Female
848,Emeline,ehixsonnj@cdbaby.com,Female
849,Darci,dsimondsnk@bing.com,Female
850,Flossi,fbrayfordnl@reference.com,Female
851,Janine,jstelljesnm@elpais.com,Female
852,Montgomery,mmcgeaneynn@yolasite.com,Male
853,Marleen,mgrosierno@engadget.com,Female
854,Andres,aitzcovichnp@cbsnews.com,Male
855,Pavia,pisardnq@parallels.com,Female
856,Ransell,rgabottinr@canalblog.com,Male
857,Avril,astygallns@loc.gov,Female
858,Ruby,rmatashkinnt@hubpages.com,Male
859,Yolane,yekellnu@goo.ne.jp,Female
860,Jeffrey,jharborownv@china.com.cn,Male
861,Ulrich,uansteysnw@free.fr,Male
862,Izak,iworswicknx@blogtalkradio.com,Polygender
863,Amabelle,aathelstanny@google.com.au,Female
864,Skipp,sludeenz@go.com,Male
865,Clea,ctingcombo0@examiner.com,Female
866,Zuzana,zspierso1@ibm.com,Female
867,Tallulah,tandrzejewskio2@altervista.org,Female
868,Karlene,kadolthineo3@baidu.com,Female
869,Flori,fshillabeareo4@cnn.com,Female
870,Ddene,dgaucheo5@51.la,Female
871,Bertina,bwilkissono6@unesco.org,Female
872,Shannah,slocko7@businessweek.com,Female
873,Kylila,kwillardo8@senate.gov,Female
874,Darrelle,ddeliao9@about.com,Female
875,Kori,kyakuninoa@springer.com,Female
876,Cinda,cfeigeob@tinyurl.com,Female
877,Archibold,agajewskioc@youtu.be,Male
878,Fawnia,fmclanaghanod@google.com.br,Female
879,Marna,mshatliffoe@senate.gov,Female
880,Lauren,lwhettletonof@bbc.co.uk,Male
881,Barth,bsambellog@soundcloud.com,Polygender
882,Amalita,ayosevitzoh@imgur.com,Female
883,Harli,hheavyoi@cnn.com,Female
884,Katey,kbraunrothoj@eventbrite.com,Female
885,Orrin,osaunterok@businessweek.com,Male
886,Any,agobbettol@yahoo.co.jp,Male
887,Sybille,skneelom@goo.gl,Female
888,Brig,bbyrneon@themeforest.net,Agender
889,Robinson,rjosselsonoo@a8.net,Male
890,Stuart,slocketop@tinyurl.com,Male
891,Lorilyn,lburgenoq@zimbio.com,Female
892,Mahalia,mbeckwithor@huffingtonpost.com,Female
893,Gabi,gguildos@cloudflare.com,Genderqueer
894,Fran,fivicot@ocn.ne.jp,Male
895,Nikolaus,noquinou@nhs.uk,Male
896,Horton,hadamikov@ustream.tv,Male
897,Cly,cbrosnanow@narod.ru,Male
898,Silvio,sgilburtox@google.cn,Male
899,Thacher,tcanadineoy@jigsy.com,Non-binary
900,Harv,hsoppittoz@myspace.com,Polygender
901,Townie,tmoralp0@nyu.edu,Male
902,Nappie,nbouldonp1@nasa.gov,Male
903,Helge,hdunnawayp2@google.ca,Female
904,Astra,apenrethp3@statcounter.com,Female
905,Flore,fhammattp4@npr.org,Female
906,Gardiner,gclarkewilliamsp5@jimdo.com,Male
907,Gualterio,gnapletonp6@sciencedaily.com,Male
908,Linn,lspelwoodp7@mashable.com,Male
909,Tremayne,tgennrichp8@tumblr.com,Male
910,Lari,lrookep9@dot.gov,Female
911,Edgard,emccollumpa@last.fm,Male
912,Orlando,obernolletpb@google.pl,Male
913,Chelsae,cpeerpc@eventbrite.com,Female
914,Jerry,jbonipd@mlb.com,Male
915,Goldy,gcrotherspe@feedburner.com,Female
916,Verna,vjarrelpf@google.ca,Female
917,Claude,clyptrattpg@miibeian.gov.cn,Female
918,Cori,cbarnesph@privacy.gov.au,Female
919,Yurik,ytowepi@spotify.com,Male
920,Kin,kmournianpj@tumblr.com,Male
921,Pearle,pdolemanpk@hugedomains.com,Female
922,Ardis,arosenwasserpl@w3.org,Female
923,Nerti,nwinespm@oaic.gov.au,Female
924,Wolf,wtripletpn@utexas.edu,Male
925,Rafaello,rbrookhousepo@ox.ac.uk,Polygender
926,Winston,wmellerspp@unicef.org,Male
927,Murdock,mgreginepq@hibu.com,Male
928,Yetty,ybleasepr@ustream.tv,Female
929,Farleigh,fweakleyps@drupal.org,Male
930,Kerry,kredbornpt@geocities.jp,Female
931,Jae,jdowlingpu@wordpress.org,Male
932,Rafaelita,rcrackettpv@t.co,Female
933,Guillemette,gsimeonpw@rakuten.co.jp,Female
934,Claiborne,churllpx@comcast.net,Male
935,Herb,hrozyckipy@weibo.com,Male
936,Dasha,dpriddingpz@furl.net,Female
937,Patrice,pmccritchieq0@about.com,Female
938,Earle,erenolq1@mashable.com,Male
939,Davidson,doliverpaullq2@nba.com,Male
940,Burt,bgiottoq3@phpbb.com,Male
941,Charlot,csandq4@com.com,Female
942,Vilhelmina,vpatterfieldq5@aol.com,Female
943,Abe,agrigorkinq6@aol.com,Male
944,Veriee,velwillq7@netlog.com,Female
945,Dori,dcreboeq8@example.com,Polygender
946,Ralf,rdraiseyq9@time.com,Male
947,Paddie,pjakesqa@w3.org,Male
948,Hulda,haspinwallqb@blogger.com,Female
949,Elmer,eklemzqc@unblog.fr,Male
950,Timmy,ttocherqd@ted.com,Polygender
951,Johnnie,jginnellqe@aol.com,Male
952,Tomas,tmccaigheyqf@ocn.ne.jp,Male
953,Felecia,fbrounqg@accuweather.com,Female
954,Michaeline,mhutchcraftqh@amazon.co.jp,Female
955,Hank,hburgoinqi@alexa.com,Male
956,Paule,pwalderaqj@apache.org,Female
957,Sam,sturfusqk@cyberchimps.com,Male
958,Wynny,wcupittql@i2i.jp,Female
959,Osborne,ofintophqm@tmall.com,Male
960,Waite,wdechastelainqn@google.pl,Male
961,Bern,bhalsteadqo@cpanel.net,Male
962,Arleen,awhysallqp@dedecms.com,Female
963,Elysia,earnullqq@ft.com,Female
964,Madeleine,mjeandillouqr@printfriendly.com,Female
965,Theobald,trandersonqs@samsung.com,Polygender
966,Laurence,lcastaneqt@phoca.cz,Male
967,Brandea,blinskillqu@jiathis.com,Female
968,Arleta,amckirtonqv@oracle.com,Genderqueer
969,Greer,gphilpottqw@godaddy.com,Female
970,Tessie,twessingqx@xrea.com,Female
971,Brittney,bbrawleyqy@youtu.be,Female
972,Georgy,gnewcombqz@paypal.com,Genderqueer
973,Zebulon,zpedlarr0@webs.com,Male
974,Pascale,psweetzerr1@wordpress.com,Male
975,Burgess,bbeatonr2@ameblo.jp,Male
976,Ulla,umartuginr3@1688.com,Female
977,Alexis,akinnyr4@nba.com,Female
978,Valaria,vfloder5@ezinearticles.com,Female
979,Mickey,mbirdwistler6@bbb.org,Male
980,Berry,bdyneleyr7@usnews.com,Polygender
981,Nanni,ntodaror8@flickr.com,Female
982,Janenna,jbrigdaler9@nbcnews.com,Female
983,Isiahi,ijandelra@nymag.com,Male
984,Shane,sschoularrb@istockphoto.com,Male
985,Legra,lvenessrc@feedburner.com,Female
986,Yule,yarguerd@addthis.com,Male
987,Hadria,hvallerre@imdb.com,Female
988,Devan,dsabbinrf@ucoz.com,Female
989,Yulma,yedlestonerg@seattletimes.com,Agender
990,Garret,gadlemrh@sakura.ne.jp,Male
991,Man,myellowleyri@arstechnica.com,Male
992,Lisbeth,ldearnlyrj@wikipedia.org,Female
993,Lezley,lfaltinrk@state.tx.us,Male
994,Kaia,kubsdellrl@icio.us,Female
995,Reuben,rkisarrm@w3.org,Male
996,Philippe,pdelascyrn@homestead.com,Female
997,Lee,lkeenlaysidero@imgur.com,Female
998,Ingram,ibriddlerp@omniture.com,Male
999,Rebe,rhaggartyrq@privacy.gov.au,Female
1000,Karin,kdevinnrr@seattletimes.com,Female
